<?xml version="1.0" encoding="UTF-8"?>
<project-private xmlns="http://www.netbeans.org/ns/project-private/1">
    <editor-bookmarks xmlns="http://www.netbeans.org/ns/editor-bookmarks/2" lastBookmarkId="0"/>
    <open-files xmlns="http://www.netbeans.org/ns/projectui-open-files/2">
        <group>
            <file>file:/home/afroz/Car-Rental-Java-DBMS-Project/src/Rent/Main.java</file>
            <file>file:/home/afroz/Car-Rental-Java-DBMS-Project/src/Rent/Login.java</file>
            <file>file:/home/afroz/Car-Rental-Java-DBMS-Project/src/Rent/Customer.java</file>
            <file>file:/home/afroz/Car-Rental-Java-DBMS-Project/src/Rent/Rental.java</file>
            <file>file:/home/afroz/Car-Rental-Java-DBMS-Project/src/Rent/CustomerRegistration.java</file>
        </group>
    </open-files>
</project-private>
